{"class_names": [0, 1, 2, 3, 4, 5, 6, 7, 8, 9, 10, 11, 12, 13, 14, 15, 16, 17, 18, 19], "class_weights": [0.9398280802292264, 0.9398280802292264, 0.9791044776119403, 0.9398280802292264, 0.9398280802292264, 1.3067729083665338, 0.9398280802292264, 1.0933333333333333, 1.3839662447257384, 0.9398280802292264, 1.2058823529411764, 0.9398280802292264, 0.9398280802292264, 0.9398280802292264, 0.9398280802292264, 0.9398280802292264, 1.1756272401433692, 0.9398280802292264, 0.9398280802292264, 0.9398280802292264], "label_encoder": ["0", "1", "2", "3", "4", "5", "6", "7", "8", "9", "10", "11", "12", "13", "14", "15", "16", "17", "18", "19"]}